{
  "code": "juiceportion",
  "variantGroups": [
    { "code": "variety", "states": ["tomato"] }
  ],
  "class": "ExpandedLiquid",
  "matterState": "liquid",
  "attributes": {
    "handbook": {
      "ignoreCreativeInvStacks": true
    },
    "waterTightContainerProps": {
      "nutritionPropsPerLitre": {
        "satiety": 200,
        "foodcategory": "Fruit"
      },
      "containable": true,
      "itemsPerLitre": 100,
      "texture": {
        "base": "game:block/food/pie/fill-raspberry",
        "alphaByType": {
          "*" : 180
        }
      },
      "isOpaqueByType": {
        "*": false
      },
      "allowSpill": true,
      "whenSpilled": {
        "action": "DropContents",
        "stack": { "type": "item", "code": "laverace:juiceportion-tomato" }
      }
    }
  },
  "shape": { "base": "game:item/liquid" },
  "texture": {
    "base": "game:block/food/pie/fill-raspberry",
    "alpha": 255
  },
  "creativeinventoryStacks": [ { "tabs": ["general", "liquids"], "stacks": [
    { "type": "block", "code": "game:woodbucket", "attributes": { "ucontents": [ { "type":"item", "code": "laverace:juiceportion-tomato", "attributes": { "madeWith": ["game:waterportion", "laverace:tomato-cherry"] }, "makefull": true } ] } },
    { "type": "block", "code": "game:woodbucket", "attributes": { "ucontents": [ { "type":"item", "code": "laverace:juiceportion-tomato", "attributes": { "madeWith": ["game:waterportion", "laverace:tomato-sammarzano"] }, "makefull": true } ] } },
    { "type": "block", "code": "game:woodbucket", "attributes": { "ucontents": [ { "type":"item", "code": "laverace:juiceportion-tomato", "attributes": { "madeWith": ["game:waterportion", "laverace:tomato-oxheart"] }, "makefull": true } ] } }
  ] } ],
  "maxstacksize": 5000,
  "materialDensity": 200,
  "guiTransform": {
    "translation": { "x": 0, "y": 1, "z": 0 },
    "rotation": { "x": 123, "y": -33, "z": -13 },
    "origin": { "x": 0.5, "y": 0, "z": 0.5 },
    "scale": 1.4
  },
  "fpHandTransform": {
    "translation": { "x": 0, "y": 0, "z": 0 },
    "rotation": { "x": 25, "y": 157, "z": -5 }
  },
  "tpHandTransform": {
    "translation": { "x": -1.5, "y": -1, "z": -1.4 }
  },
  "transitionableProps": [{
    "type": "Perish",
    "freshHours": { "avg": 168 },
    "transitionHours": { "avg": 48 },
    "transitionedStack": { "type": "item", "code": "game:rot" },
    "transitionRatio": 0.005
  }]
}