{
  "code": "mozzarella",
  "maxstacksize": 16,
  "attributes": {
    "displaycaseable": true,
    "shelvable": true,
    "inPieProperties": { "texture": "game:block/food/dairy/cottagecheese", "partType": "Filling"  },
    "inPizzaProperties": { "texture": "game:block/food/dairy/cottagecheese", "partType": "Cheese"  },
    "nutritionPropsWhenInMeal": { "satiety": 325, "foodcategory": "Dairy" }
  },
  "nutritionProps": { "saturation": 275, "foodcategory": "Dairy" },
  "shape": { "base": "item/food/mozzarella" },
  "textures": {
    "all": { "base": "game:block/food/dairy/curdledmilk" }
  },
  "creativeinventory": { "general": ["*"], "items": ["*"] },
  "transitionableProps": [{
    "type": "Perish",
    "freshHours": { "avg": 72 },
    "transitionHours": { "avg": 12 },
    "transitionedStack": { "type": "item", "code": "game:rot" },
    "transitionRatio": 1
  }],
  "materialDensity": 200,
  "guiTransform": {
    "translation": { "x": 4, "y": 4, "z": 0 },
    "rotation": { "x": -30, "y": 26, "z": 180 },
    "origin": { "x": 0.52, "y": 0.07, "z": 0.5 },
    "scale": 3.92
  },
  "groundTransform": {
    "translation": { "x": 0, "y": 0, "z": 0 },
    "rotation": { "x": 0, "y": 0, "z": 1 },
    "origin": { "x": 0.5, "y": 0, "z": 0.5 },
    "scale": 4
  },
  "fpHandTransform": {
    "translation": { "x": 0, "y": 0.22, "z": 0.2 },
    "rotation": { "x": 97, "y": 1, "z": -17 },
    "origin": { "x": 0.5, "y": 0.1, "z": 0.5 },
    "scale": 2.5
  },
  "tpHandTransform": {
    "translation": { "x": -0.69, "y": -0.16, "z": -0.53 },
    "rotation": { "x": 88, "y": -85, "z": 2 },
    "origin": { "x": 0.5, "y": 0.13, "z": 0.5 },
    "scale": 0.8
  }
}