{
  "code": "dough",
  "class": "laverace.ItemPizzaDough",
  "maxstacksize": 32,
  "attributes": {
    "displaycaseable": true,
    "shelvable": true,
    "bakingProperties": {
      "temp": 160,
      "levelFrom": 0.0,
      "levelTo": 0.25,
      "startScaleY": 0.9,
      "endScaleY": 0.95,
      "resultCode": "expandedfoods:plaindoughball-partbaked"
    },
    "inPizzaProperties": { "texture": "game:block/food/pie/{type}{bakeLevel}", "partType": "Base"  },
    "inPieProperties": { "texture": "game:block/food/pie/{type}{bakeLevel}", "partType": "Crust"  },
    "nutritionPropsWhenInMealByType": {
      "*-flax": { "satiety": 120, "foodcategory": "Grain" },
      "*-rice": { "satiety": 280, "foodcategory": "Grain" },
      "*": { "satiety": 240, "foodcategory": "Grain" }
    },
    "expandedNutritionProps": {
      "game:milkportion" : { "saturation": 1.5, "foodcategory": "Dairy" },
      "expandedfoods:breadstarter-wild": { "saturation": 2, "health": 0.16, "foodcategory": "Grain"},
      "expandedfoods:lard": { "saturation": 16, "health":  0.1, "foodcategory": "Protein"},
      "expandedfoods:pasteurizedmilk": { "saturation": 1.15, "health":  0.1, "foodcategory": "Dairy"},
      "expandedfoods:brothportion-bone": { "saturation": 1, "health": 0.1, "foodcategory": "Protein"},
      "expandedfoods:brothportion-vegetable": { "saturation": 1, "health": 0.1, "foodcategory": "Vegetable"},
      "expandedfoods:brothportion-meat": { "saturation": 1.25, "health": 0.1, "foodcategory": "Protein"},
      "expandedfoods:brothportion-fish": { "saturation": 1, "health": 0.1, "foodcategory": "Protein"},
      "expandedfoods:clarifiedbrothportion-bone": { "saturation": 1, "health": 0.1, "foodcategory": "Protein"},
      "expandedfoods:clarifiedbrothportion-vegetable": { "saturation": 1, "health": 0.1, "foodcategory": "Vegetable"},
      "expandedfoods:clarifiedbrothportion-meat": { "saturation": 1.25, "health": 0.1, "foodcategory": "Protein"},
      "expandedfoods:clarifiedbrothportion-fish": { "saturation": 1, "health": 0.1, "foodcategory": "Protein"},
      "expandedfoods:soymilk-edible": { "saturation": 1.125, "health": 0.1, "foodcategory": "Dairy"},
      "game:flour-rice" : { "saturation": 170, "foodcategory": "Grain" },
      "game:flour-rye" : { "saturation": 140, "foodcategory": "Grain" },
      "game:flour-spelt" : { "saturation": 140, "foodcategory": "Grain" },
      "game:flour-cassava": {
        "saturation": 140, "foodcategory": "Grain"},
      "game:flour-amaranth": {
        "saturation": 140, "foodcategory": "Grain"},
      "game:flour-sunflower": {
        "saturation": 140, "foodcategory": "Grain"},
      "acorns:flour-acorn" : { "saturation": 140, "foodcategory": "Grain" },
      "wildcraft:flour-acorn" : { "saturation": 50, "foodcategory": "Grain" },
      "aculinaryartillery:eggyolkfullportion-chicken": { "saturation": 20, "foodcategory": "Protein"},
      "aculinaryartillery:eggyolkfullportion-pheasant": { "saturation": 28, "foodcategory": "Protein"},
      "aculinaryartillery:eggyolkfullportion-goldenpheasant": { "saturation": 28, "foodcategory": "Protein"},
      "aculinaryartillery:eggyolkfullportion-capercaillie": { "saturation": 28, "foodcategory": "Protein"},
      "aculinaryartillery:eggyolkfullportion-wildturkey": { "saturation": 28, "foodcategory": "Protein"},
      "expandedfoods:foodoilportion-*" : { "saturation": 6, "health": 0.1, "foodcategory": "Vegetable" }
    },
    "renderIngredients": {
      "game:flour-flax" : "expandedfoods:shapes/item/food/bread/pasta/flax-pastaball.json",
      "game:flour-rye" : "expandedfoods:shapes/item/food/bread/pasta/rye-pastaball.json",
      "game:flour-spelt" : "expandedfoods:shapes/item/food/bread/pasta/spelt-pastaball.json",
      "game:flour-rice" : "expandedfoods:shapes/item/food/bread/pasta/rice-pastaball.json",
      "game:flour-cassava" : "expandedfoods:shapes/item/food/bread/pasta/cassava-pastaball.json",
      "game:flour-amaranth" : "expandedfoods:shapes/item/food/bread/pasta/amaranth-pastaball.json",
      "game:flour-sunflower" : "expandedfoods:shapes/item/food/bread/pasta/sunflower-pastaball.json",
      "game:flour-birch" : "expandedfoods:shapes/item/food/bread/pasta/birch-pastaball.json",
      "game:flour-pine" : "expandedfoods:shapes/item/food/bread/pasta/pine-pastaball.json",
      "game:flour-maple" : "expandedfoods:shapes/item/food/bread/pasta/maple-pastaball.json"
    }
    },
  "variantgroups": [
    { "code": "type", "states": ["spelt", "rye", "flax", "rice", "cassava", "amaranth", "sunflower" ] }
  ],
  "shape": { "base": "expandedfoods:item/food/bread/pasta/flax-pastaball" },
  "textures": {
    "flaxraw": {"base": "expandedfoods:item/food/dumpling/flaxraw" },
    "riceraw": {"base": "expandedfoods:item/food/dumpling/riceraw" },
    "speltraw": {"base": "expandedfoods:item/food/dumpling/speltraw" },
    "ryeraw": {"base": "expandedfoods:item/food/dumpling/ryeraw" },
    "cassavaraw": {"base": "expandedfoods:item/food/dumpling/cassavaraw" },
    "amaranthraw": {"base": "expandedfoods:item/food/dumpling/amaranthraw" },
    "sunflowerraw": {"base": "expandedfoods:item/food/dumpling/sunflowerraw" },
    "birchraw": {"base": "expandedfoods:item/food/dumpling/birchraw" },
    "pineraw": {"base": "expandedfoods:item/food/dumpling/pineraw" },
    "mapleraw": {"base": "expandedfoods:item/food/dumpling/mapleraw" }
  },
  "creativeinventoryStacks": [{
    "tabs": [ "general", "items", "expandedfoods" ],
    "stacks": [
      { "type": "item", "code": "laverace:dough-{type}",
        "attributes": { "madeWith": ["game:flour-{type}", "game:waterportion", "game:salt", "expandedfoods:foodoilportion-olive", "expandedfoods:breadstarter-wild" ] }
      }
    ]
  }],
  "materialDensity": 200,
  "combustibleProps": {
    "meltingPoint": 200,
    "meltingDuration": 20,
    "smeltedRatio": 1,
    "smeltingType": "bake",
    "smeltedStack": { "type": "item", "code": "game:bread-{type}-charred" },
    "requiresContainer": false
  },
  "guiTransform": {
    "translation": { "x": -3.5, "y": 0, "z": 0 },
    "rotation": { "x": -30, "y": 26, "z": 180 },
    "origin": { "x": 0.55, "y": 0.08, "z": 0.5 },
    "scale": 5.31
  },
  "groundTransform": {
    "translation": { "x": 0, "y": 0, "z": 0 },
    "rotation": { "x": 0, "y": 0, "z": 1 },
    "origin": { "x": 0.5, "y": 0, "z": 0.5 },
    "scale": 5
  },
  "tpHandTransform": {
    "translation": { "x": -0.1, "y": -0.15, "z": -0.35 },
    "rotation": { "x": -10, "y": 75, "z": -11 },
    "origin": { "x": 0.23, "y": 0, "z": 0.13 },
    "scale": 0.7
	},
  "transitionableProps": [{
    "type": "Perish",
    "freshHours": { "avg": 48 },
    "transitionHours": { "avg": 24 },
    "transitionedStack": { "type": "item", "code": "game:rot" },
    "transitionRatio": 1
  }]
}