[
  {
    "ingredients": [
      {"inputs": [{ "type": "item", "code": "expandedfoods:breadstarter-wild", "quantity": 10 }]},
      {"inputs": [{ "type": "item", "code": "game:waterportion",  "quantity": 10 }]},
      {"inputs": [{ "type": "item", "code": "game:flour-*", "name": "grain", "allowedVariants": ["flax", "rice", "rye", "spelt", "cassava", "amaranth", "sunflower"], "quantity": 1 }]},
      {"inputs": [{ "type": "item", "code": "expandedfoods:foodoilportion-*",  "quantity": 10 }, { "type": "item", "code": "expandedfoods:lard",  "quantity": 10 }]}
    ],
    "output": { "type": "item", "code": "laverace:dough-{grain}", "stackSize": 1}
  },
  {
    "ingredients": [
      {"inputs": [{ "type": "item", "code": "expandedfoods:breadstarter-wild", "quantity": 10 }]},
      {"inputs": [{ "type": "item", "code": "game:waterportion",  "quantity": 10 }]},
      {"inputs": [{ "type": "item", "code": "game:flour-*", "name": "grain", "allowedVariants": ["flax", "rice", "rye", "spelt", "cassava", "amaranth", "sunflower"], "quantity": 1 }]},
      {"inputs": [{ "type": "item", "code": "expandedfoods:foodoilportion-*",  "quantity": 10 }, { "type": "item", "code": "expandedfoods:lard",  "quantity": 10 }]},
      {"inputs": [{ "type": "item", "code": "game:salt",  "quantity": 1 }]}
    ],
    "output": { "type": "item", "code": "laverace:dough-{grain}", "stackSize": 1}
  },
  {
    "ingredients": [
      {"inputs": [{ "type": "item", "code": "expandedfoods:breadstarter-wild", "quantity": 10 }]},
      {"inputs": [{ "type": "item", "code": "game:dough-*", "name": "grain", "allowedVariants": ["flax", "rice", "rye", "spelt", "cassava", "amaranth", "sunflower"], "quantity": 1 }]},
      {"inputs": [{ "type": "item", "code": "expandedfoods:foodoilportion-*",  "quantity": 10 }, { "type": "item", "code": "expandedfoods:lard",  "quantity": 10 }]},
      {"inputs": [{ "type": "item", "code": "game:salt",  "quantity": 1 }]}
    ],
    "output": { "type": "item", "code": "laverace:dough-{grain}", "stackSize": 1}
  },
  {
    "ingredients": [
      {"inputs": [{ "type": "item", "code": "game:dough-*", "name": "grain", "allowedVariants": ["flax", "rice", "rye", "spelt", "cassava", "amaranth", "sunflower"], "quantity": 1 }]},
      {"inputs": [{ "type": "item", "code": "expandedfoods:foodoilportion-*",  "quantity": 10 }, { "type": "item", "code": "expandedfoods:lard",  "quantity": 10 }]},
      {"inputs": [{ "type": "item", "code": "game:salt",  "quantity": 1 }]}
    ],
    "output": { "type": "item", "code": "laverace:dough-{grain}", "stackSize": 1}
  },
  {
    "ingredients": [
      {"inputs": [{ "type": "item", "code": "expandedfoods:breadstarter-wild", "quantity": 10 }]},
      {"inputs": [{ "type": "item", "code": "game:dough-*", "name": "grain", "allowedVariants": ["flax", "rice", "rye", "spelt", "cassava", "amaranth", "sunflower"], "quantity": 1 }]},
      {"inputs": [{ "type": "item", "code": "expandedfoods:foodoilportion-*",  "quantity": 10 }, { "type": "item", "code": "expandedfoods:lard",  "quantity": 10 }]}
    ],
    "output": { "type": "item", "code": "laverace:dough-{grain}", "stackSize": 1}
  },
  {
    "ingredients": [
      {"inputs": [{ "type": "item", "code": "game:dough-*", "name": "grain", "allowedVariants": ["flax", "rice", "rye", "spelt", "cassava", "amaranth", "sunflower"], "quantity": 1 }]},
      {"inputs": [{ "type": "item", "code": "expandedfoods:foodoilportion-*",  "quantity": 10 }, { "type": "item", "code": "expandedfoods:lard",  "quantity": 10 }]}
    ],
    "output": { "type": "item", "code": "laverace:dough-{grain}", "stackSize": 1}
  }
]