[
  {
    "op": "addeach",
    "path": "/ingredients/2/validStacks/-",
    "value": [
      {
        "type": "item",
        "code": "laverace:tomato-cherry",
        "shapeElement": "bowl/vegetable 1/*",
        "textureMapping": ["fruit", "group3"]
      },
      {
        "type": "item",
        "code": "laverace:tomato-sammarzano",
        "shapeElement": "bowl/vegetable 1/*",
        "textureMapping": ["vegetable", "group3"]
      },
      {
        "type": "item",
        "code": "laverace:tomato-oxheart",
        "shapeElement": "bowl/vegetable 1/*",
        "textureMapping": ["vegetable", "group3"]
      }
    ],
    "file": "game:recipes/cooking/riceandbeans.json",
    "side": "server",
    "dependsOn": [{ "modid": "expandedfoods" }]
  },
  {
    "op": "addeach",
    "path": "/ingredients/3/validStacks/-",
    "value": [
      {
        "type": "item",
        "code": "laverace:tomato-cherry",
        "shapeElement": "bowl/vegetable 2/*",
        "textureMapping": ["fruit", "group3"]
      },
      {
        "type": "item",
        "code": "laverace:tomato-sammarzano",
        "shapeElement": "bowl/vegetable 2/*",
        "textureMapping": ["vegetable", "group3"]
      },
      {
        "type": "item",
        "code": "laverace:tomato-oxheart",
        "shapeElement": "bowl/vegetable 2/*",
        "textureMapping": ["vegetable", "group3"]
      }
    ],
    "file": "game:recipes/cooking/riceandbeans.json",
    "side": "server",
    "dependsOn": [{ "modid": "expandedfoods" }]
  },
  {
    "op": "addeach",
    "path": "/ingredients/8/validStacks/-",
    "value": [
      {
        "type": "item",
        "code": "laverace:tomatosauceportion",
        "shapeElement": "bowl/topping/*",
        "textureMapping": ["topping", "group3"]
      }
    ],
    "file": "game:recipes/cooking/riceandbeans.json",
    "side": "server",
    "dependsOn": [{ "modid": "expandedfoods" }]
  }
]