{
  "code": "tomatosauceportion",
  "class": "ExpandedLiquid",
  "matterState": "liquid",
  "attributes": {
    "inPieProperties": { "texture": "game:block/food/pie/fill-tomato", "partType": "Filling" },
    "inPizzaProperties": { "texture": "game:block/food/pie/fill-tomato", "partType": "Sauce" },
    "nutritionPropsWhenInMeal": {
      "satietyByType":  {
        "*":  30
      },
      "foodcategory": "Vegetable"
    },
    "handbook": {
      "ignoreCreativeInvStacks": true
    },
    "waterTightContainerProps": {
      "nutritionPropsPerLitre": {
        "satiety": 250,
        "foodcategory": "Vegetable"
      },
      "containable": true,
      "itemsPerLitre": 100,
      "texture": {
        "base": "game:block/food/pie/fill-tomato",
        "alphaByType": {
          "*" : 255
        }
      },
      "isOpaqueByType": {
        "*": false
      },
      "allowSpill": true,
      "whenSpilled": {
        "action": "DropContents",
        "stack": { "type": "item", "code": "laverace:tomatosauceportion" }
      }
    }
  },
  "shape": { "base": "game:item/liquid" },
  "texture": {
    "base": "game:block/food/pie/fill-tomato",
    "alpha": 255
  },
  "creativeinventoryStacks": [ { "tabs": ["general", "liquids"], "stacks": [
    { "type": "block", "code": "game:woodbucket", "attributes": { "ucontents": [ { "type":"item", "code": "laverace:tomatosauceportion", "attributes": { "madeWith": ["game:waterportion", "laverace:tomato-cherry"] }, "makefull": true } ] } },
    { "type": "block", "code": "game:woodbucket", "attributes": { "ucontents": [ { "type":"item", "code": "laverace:tomatosauceportion", "attributes": { "madeWith": ["game:waterportion", "laverace:tomato-sammarzano"] }, "makefull": true } ] } },
    { "type": "block", "code": "game:woodbucket", "attributes": { "ucontents": [ { "type":"item", "code": "laverace:tomatosauceportion", "attributes": { "madeWith": ["game:waterportion", "laverace:tomato-oxheart"] }, "makefull": true } ] } }
  ] } ],
  "maxstacksize": 5000,
  "materialDensity": 200,
  "guiTransform": {
    "translation": { "x": 0, "y": 1, "z": 0 },
    "rotation": { "x": 123, "y": -33, "z": -13 },
    "origin": { "x": 0.5, "y": 0, "z": 0.5 },
    "scale": 1.4
  },
  "fpHandTransform": {
    "translation": { "x": 0, "y": 0, "z": 0 },
    "rotation": { "x": 25, "y": 157, "z": -5 }
  },
  "tpHandTransform": {
    "translation": { "x": -1.5, "y": -1, "z": -1.4 }
  },
  "transitionableProps": [{
    "type": "Perish",
    "freshHours": { "avg": 860 },
    "transitionHours": { "avg": 120 },
    "transitionedStack": { "type": "item", "code": "game:rot" },
    "transitionRatio": 0.005
  }]
}