{
  "code": "crop",
  "class": "BlockCrop",
  "behaviors": [{"name": "Unstable"}],
  "variantgroups": [
    { "code": "type", "states": ["tomato"] },
    { "code": "variety", "states": ["cherry", "sammarzano", "oxheart"] },
    { "code": "stage", "states": ["1", "2", "3", "4", "5", "6", "7", "8", "9", "10", "11"] }
  ],
  "creativeinventory": { "general": [""], "plants": [""] },
  "renderpass": "OpaqueNoCull",
  "shape": { "base": "laverace:block/crop/tomato" },
  "blockmaterial": "Plant",
  "faceCullMode": "NeverCull",
  "randomizeRotations": true,
  "textures": {
    "all": { "base": "block/plant/crop/{type}/normal{stage}" }
  },
  "attributes": {
    "foodTagsByType": {
      "*-1": ["nibbleCrop"],
      "*-2": ["nibbleCrop"],
      "*-3": ["nibbleCrop"]
    },
    "butterflyFeedByType": {
      "*-1": false,
      "*-2": false,
      "*-3": false,
      "*-12": false,
      "*": true
    },
    "beeFeedByType": {
      "*-1": false,
      "*-2": false,
      "*-3": false,
      "*-12": false,
      "*": true
    },
    "sitHeight": 0.9,
    "tickGrowthProbability": 0.05,
    "handbook": {
      "include": true
    }
  },
  "sideopaque": {
    "all": false
  },
  "sidesolid": {
    "all": false
  },
  "randomDrawOffset": true,
  "replaceable": 3000,
  "lightAbsorption": 0,
  "resistance": 0.5,
  "sounds": {
    "place": "game:block/plant",
    "break": "game:block/plant",
    "hit": "game:block/plant"
  },
  "rainPermeable": false,
  "dropsByType": {
    "*-10": [
      { "type": "item", "code": "laverace:tomato-{variety}", "quantity": { "avg": 4, "var": 1 }  }
    ],
    "*-11": [
      { "type": "item", "code": "laverace:tomato-{variety}", "quantity": { "avg": 8, "var": 2 }  }
    ]
  },
  "cropProps": {
    "requiredNutrient": "K",
    "nutrientConsumption": 40,
    "growthStages": 11,
    "totalGrowthMonths": 2.4
  },
  "collisionbox": null,
  "selectionbox": { "x1": 0.0625, "y1": 0, "z1": 0.0625, "x2": 0.9375, "y2": 0.25, "z2": 0.9375 },
  "materialDensity": 200,
  "combustibleProps": {
    "burnTemperature": 600,
    "burnDuration": 10
  }
}
