[
  {
    "Ingredients": [
      { "type": "item", "code": "game:waterportion", "quantity": 100 },
      { "type": "item", "code": "laverace:tomato-*", "quantity": 1 }
    ],
    "Simmering": {
      "meltingPoint": 200,
      "meltingDuration": 110,
      "smeltedRatio": 1,
      "smeltingType": "bake",
      "smeltedStack": {
        "type": "item",
        "code": "laverace:tomatosauceportion",
        "quantity":  50
      },
      "requiresContainer": false
    }
  },
  {
    "Ingredients": [
      { "type": "item", "code": "game:waterportion", "quantity": 100 },
      { "type": "item", "code": "laverace:tomato-*", "quantity": 1 },
      { "type": "item", "code": "laverace:tomato-*", "quantity": 1 }
    ],
    "Simmering": {
      "meltingPoint": 200,
      "meltingDuration": 110,
      "smeltedRatio": 1,
      "smeltingType": "bake",
      "smeltedStack": {
        "type": "item",
        "code": "laverace:tomatosauceportion",
        "quantity":  50
      },
      "requiresContainer": false
    }
  },
  {
    "Ingredients": [
      { "type": "item", "code": "game:waterportion", "quantity": 100 },
      { "type": "item", "code": "laverace:tomato-*", "quantity": 1 },
      { "type": "item", "code": "laverace:tomato-*", "quantity": 1 },
      { "type": "item", "code": "laverace:tomato-*", "quantity": 1 }
    ],
    "Simmering": {
      "meltingPoint": 200,
      "meltingDuration": 110,
      "smeltedRatio": 1,
      "smeltingType": "bake",
      "smeltedStack": {
        "type": "item",
        "code": "laverace:tomatosauceportion",
        "quantity":  50
      },
      "requiresContainer": false
    }
  }
]