[
  {
    "op": "addeach",
    "path": "/1/ingredients/1/inputs/-",
    "value": [{ "type": "item", "code": "laverace:tomato-*", "quantity": 1 }, { "type": "item", "code": "laverace:mozzarella", "quantity": 1 }],
    "side": "Server",
    "file": "expandedfoods:recipes/kneading/dumpling.json",
    "dependsOn": [ { "modid": "expandedfoods" } ]
  },
  {
    "op": "addeach",
    "path": "/3/ingredients/1/inputs/-",
    "value": [{ "type": "item", "code": "laverace:tomato-*", "quantity": 1 }, { "type": "item", "code": "laverace:mozzarella", "quantity": 1 }],
    "side": "Server",
    "file": "expandedfoods:recipes/kneading/dumpling.json",
    "dependsOn": [ { "modid": "expandedfoods" } ]
  }
]